id,title,pillar,keywords,search,sns,expertise,rarity,authenticity,paid_fit,purchase,series,notes
T01,メーカーのプロダクトデザイナーは何をしているか 1製品の企画から量産までの工程と期間,P2|P1,プロダクトデザイナー|仕事内容|インハウス|メーカー|就活,4,3,4,3,3,2,2,4,推定: 前提「メーカー勤務のインハウス・プロダクトデザイナー」より／28卒インターン期
T02,ココナラでプロダクトデザインを出品する前に決める5つのこと 手取りから逆算する価格表つき,P9|P1,ココナラ|プロダクトデザイン|出品|価格設定|副業,3,3,3,4,3,3,3,4,推定: 前提「副業（ココナラ等）」より／W40_v1月曜の再掲
T03,Fusion個人版で副業してはいけない理由と 副業デザイナーのCADライセンスの選び方,P7|P8,Fusion|個人利用|商用利用|副業|CAD,5,4,3,2,2,4,4,3,本人のCAD副業利用はbank・前提に無し
T04,会社員デザイナーが副業を会社に申請する前に確認する7項目 就業規則・競業・住民税,P8|P2,デザイナー|副業|就業規則|住民税|確定申告,4,3,2,3,3,3,3,3,推定: 前提「会社員＋副業」より／W40_v1金曜の再掲
T05,スケッチ30枚から3案に絞る プロダクトデザイナーの評価軸表と捨てる基準,P1|P2,プロダクトデザイン|アイデアスケッチ|案出し|評価|デザインレビュー,2,3,5,4,3,3,3,4,推定: 前提「インハウス実務」より（案出し→絞り込みは実務工程の中核）
T06,未発表製品のスケッチを生成AIに入れていいか 企業デザイナーのAI利用線引き表,P4|P2,生成AI|機密情報|社内ルール|企業デザイナー|Vizcom,3,4,4,4,2,3,3,3,本人の社内AI規程・利用実態がbank・前提に無し
T07,手描きスケッチ→生成AI→3D→CAD 実務フロー7ステップと失敗集,P4|P5|P7,生成AI|Vizcom|Blender|Fusion|CAD,3,4,5,4,2,4,3,4,本人のAI・3D・CAD使用ツールと数値がbank・前提に無し／W40_v1水曜
T08,デザインレビューに出すA3提案シートのテンプレ一式 Illustratorの設定・グリッド・記入例つき,P6|P1,Illustrator|プレゼンボード|提案シート|デザインレビュー|テンプレート,3,4,4,4,3,5,4,3,推定: 前提「インハウス実務」より（社内DR向け提案資料は日常業務）
T09,ココナラのプロダクト系サービス価格表 手取り78%から逆算する基本料金と有料オプション設計,P9|P8,ココナラ|価格設定|手数料|有料オプション|副業,3,3,3,4,3,5,4,4,推定: 前提「副業（ココナラ等）」より／実績単価は要記入
T10,メーカーのプロダクトデザイン職ポートフォリオ 選考で最初に見られる3ページ,P1|P2,ポートフォリオ|プロダクトデザイン|就活|28卒|インターン,4,4,3,2,3,3,4,3,推定: 前提「メーカー勤務」より（本人の就活時の数値は無し）
T11,インハウス・デザイン事務所・フリーランス プロダクトデザイナーの働き方と年収の比較,P2|P3,プロダクトデザイナー|インハウス|フリーランス|年収|転職,4,3,3,2,2,2,3,3,本人のフリーランス経験が前提で【要記入】
T12,KeyShotとBlenderで作るEC用製品レンダーの照明セット 3灯とHDRIの数値つき,P5,Blender|KeyShot|製品レンダリング|ライティング|EC,3,4,4,3,2,4,3,4,本人の3DCGツール使用実態がbank・前提に無し
T13,プロダクトデザイナーのデスク環境 左手デバイス・3Dマウス・液タブの要不要,P10,デスク環境|左手デバイス|3Dマウス|液タブ|ガジェット,3,4,2,2,1,2,2,3,P10はbank空（機種・価格・期間が無い）
T14,Adobe MAX 2026の前に棚卸し プロダクトデザイナーがIllustratorとPhotoshopで使うAI機能,P6|P4,Adobe MAX|Illustrator|Photoshop|Firefly|生成AI,3,3,3,3,2,2,2,3,MAXは11/10-12で時期尚早／本人のAdobe AI利用実態無し
